,mean_fit_time,mean_score_time,mean_test_score,mean_train_score,param_activation,param_alpha,param_hidden_layer_sizes,param_solver,params,rank_test_score,split0_test_score,split0_train_score,split1_test_score,split1_train_score,split2_test_score,split2_train_score,split3_test_score,split3_train_score,split4_test_score,split4_train_score,split5_test_score,split5_train_score,split6_test_score,split6_train_score,split7_test_score,split7_train_score,std_fit_time,std_score_time,std_test_score,std_train_score
0,6.59691807628,0.026081264019,-13.6495397026,-12.7267517283,identity,1,"(10,)",lbfgs,"{'alpha': 1, 'activation': 'identity', 'solver': 'lbfgs', 'hidden_layer_sizes': (10,)}",45,-14.0354003255,-12.6488680347,-12.8865970656,-12.8379742282,-13.8356081274,-12.7701803493,-14.185249533,-12.6131835982,-14.4349881907,-12.6167538013,-13.535922432,-12.7773149733,-13.411052236,-12.7202279039,-12.8709367297,-12.8295109374,0.35444002358,0.0078211898862,0.54144333468,0.0854972810216
1,39.6180894971,0.00625941157341,-13.5371450956,-12.8204099048,identity,1,"(10,)",sgd,"{'alpha': 1, 'activation': 'identity', 'solver': 'sgd', 'hidden_layer_sizes': (10,)}",24,-13.9355004684,-12.7416365668,-12.8865953311,-12.8558129358,-13.7357082704,-12.8736530476,-14.3350946934,-12.6167504972,-14.0603764461,-12.7452024746,-13.2362350022,-12.8629468163,-13.1613130001,-12.848677238,-12.9459100516,-13.0185996619,7.36834564727,0.0068540504362,0.513945242976,0.111419459867
2,11.5271793604,0.00525951385498,-13.6151992751,-12.8931129081,identity,1,"(10,)",adam,"{'alpha': 1, 'activation': 'identity', 'solver': 'adam', 'hidden_layer_sizes': (10,)}",36,-14.0603770243,-12.7380721459,-12.8116785325,-12.9664297574,-13.7856529954,-12.9378768886,-14.2851482338,-12.741636732,-14.3600656105,-12.7594740354,-13.5109520931,-13.0199475323,-13.1862920115,-12.9414538652,-12.9209256944,-13.040012308,2.29214799867,0.0029205966578,0.564941115488,0.118440120007
3,5.50174179673,0.00815546512604,-13.6339300232,-12.7361186125,identity,1,"(30,)",lbfgs,"{'alpha': 1, 'activation': 'identity', 'solver': 'lbfgs', 'hidden_layer_sizes': (30,)}",39,-14.1103223275,-12.623891399,-12.7866995211,-12.8165655653,-13.9355068282,-12.8165657305,-14.3600702358,-12.6595689794,-14.3350918025,-12.6310263534,-13.3611057764,-12.8094282154,-13.3860778499,-12.7452047874,-12.7959599364,-12.7866978692,0.704602410372,0.00686973964882,0.601291994294,0.0794179965088
4,40.3290718198,0.00952288508415,-13.5652434583,-12.8003398656,identity,1,"(30,)",sgd,"{'alpha': 1, 'activation': 'identity', 'solver': 'sgd', 'hidden_layer_sizes': (30,)}",30,-13.9854498188,-12.734501282,-12.8616215231,-12.8807894063,-13.9105255042,-12.7987229753,-14.110327531,-12.6809768163,-14.1103246402,-12.6667044294,-13.2861826181,-12.8344013818,-13.2612105446,-12.8451084391,-12.995893809,-12.9615141945,1.04040578593,0.00497330144374,0.484705132253,0.0949058781812
5,14.3154194951,0.0103573799133,-13.5059211833,-12.8850789101,identity,1,"(30,)",adam,"{'alpha': 1, 'activation': 'identity', 'solver': 'adam', 'hidden_layer_sizes': (30,)}",14,-13.8855488054,-12.8308339872,-12.8116640785,-12.9699851746,-13.6607839557,-13.0627629582,-14.410015539,-12.7273600498,-14.2351954144,-12.7559041627,-12.9365446815,-12.9057618292,-13.2112571471,-12.8665137153,-12.8959187726,-12.961509404,1.99447463204,0.00651843595635,0.589748030002,0.10600626787
6,13.503500551,0.0124634206295,-13.6651506108,-12.7544041093,identity,1,"(100,)",lbfgs,"{'alpha': 1, 'activation': 'identity', 'solver': 'lbfgs', 'hidden_layer_sizes': (100,)}",48,-14.0104276739,-12.6845490845,-13.0114689961,-12.8237013457,-13.8855568997,-12.8129975925,-14.3101203072,-12.6381605644,-14.3850411529,-12.6096175253,-13.5109486241,-12.8415410445,-13.4360266221,-12.7666132851,-12.7709680577,-12.8580524322,1.48846541483,0.00514165395654,0.548270103198,0.0908815359889
7,61.5724352002,0.00950947403908,-13.5933428328,-12.7709049851,identity,1,"(100,)",sgd,"{'alpha': 1, 'activation': 'identity', 'solver': 'sgd', 'hidden_layer_sizes': (100,)}",32,-13.9355022029,-12.727365006,-12.836647137,-12.8629499552,-13.810632585,-12.8201325469,-14.3850434656,-12.602479432,-14.2351965707,-12.6452970056,-13.2861837744,-12.8094261503,-13.3860801625,-12.8129966838,-12.8709344154,-12.886593101,1.29326667319,0.00553877414755,0.551663788758,0.0959004835954
8,18.7055409551,0.00965678691864,-13.5277748068,-12.8520721465,identity,1,"(100,)",adam,"{'alpha': 1, 'activation': 'identity', 'solver': 'adam', 'hidden_layer_sizes': (100,)}",20,-13.71072579,-12.798720745,-12.936539478,-12.8629411167,-13.6857502475,-12.8415310496,-14.0104322992,-12.713089728,-14.2351931018,-12.6595659231,-13.3361250305,-12.9378728411,-13.0614160339,-12.9485831199,-13.2458125962,-13.0542726485,1.84628912898,0.00468305451994,0.42941589564,0.120939835323
9,3.1485556066,0.00911527872086,-13.6589058717,-12.7593100361,identity,3,"(10,)",lbfgs,"{'alpha': 3, 'activation': 'identity', 'solver': 'lbfgs', 'hidden_layer_sizes': (10,)}",47,-14.0853479414,-12.7237984374,-12.9365458378,-12.7987249578,-13.8106331632,-12.8165649045,-14.2351977271,-12.6595684838,-14.3600650323,-12.6667069901,-13.5109486241,-12.8022919394,-13.5608991308,-12.7452042918,-12.7709674791,-12.8616202842,0.397104097384,0.00808142728998,0.544287363696,0.0681269347574
10,28.8238772154,0.00464615225792,-13.4903110701,-12.8966739432,identity,3,"(10,)",sgd,"{'alpha': 3, 'activation': 'identity', 'solver': 'sgd', 'hidden_layer_sizes': (10,)}",9,-13.8106244907,-12.8879246085,-12.8616180542,-12.9985330046,-13.6358089914,-12.8950589846,-14.3850382621,-12.7344942608,-14.1852454859,-12.8022881396,-12.9115708735,-12.9771214506,-13.2861803054,-12.8308325829,-12.8459361723,-13.0471385137,0.657657151281,0.00223778580659,0.569457929876,0.0994433442954
11,7.66461309791,0.00548550486565,-13.4153842473,-12.9100570921,identity,3,"(10,)",adam,"{'alpha': 3, 'activation': 'identity', 'solver': 'adam', 'hidden_layer_sizes': (10,)}",1,-13.68575892,-12.8486795508,-12.8116750636,-13.041355204,-13.5359108688,-12.8950564239,-14.360067345,-12.802292435,-14.1352990263,-12.816562509,-12.8616226795,-12.9878290862,-13.0364428041,-12.8558138444,-12.8959216655,-13.0328676837,0.877068868781,0.00508798892229,0.568212719645,0.0905946532541
12,7.57256913185,0.00951367616653,-13.6838820816,-12.741470833,identity,3,"(30,)",lbfgs,"{'alpha': 3, 'activation': 'identity', 'solver': 'lbfgs', 'hidden_layer_sizes': (30,)}",51,-14.1852443296,-12.6809808638,-12.9115702954,-12.8094287936,-13.8605819354,-12.8237018413,-14.2851464993,-12.6524331164,-14.4599619986,-12.6452985751,-13.5359230102,-12.7915876079,-13.46100043,-12.7594766787,-12.7709680577,-12.7688591872,0.987264026319,0.00538351592776,0.586035112347,0.0668974039416
13,39.8288579285,0.00433140993118,-13.4934325724,-12.8864162851,identity,3,"(30,)",sgd,"{'alpha': 3, 'activation': 'identity', 'solver': 'sgd', 'hidden_layer_sizes': (30,)}",11,-13.8355977205,-12.8665167716,-12.861617476,-13.0484863586,-13.7856529954,-12.891490764,-14.1602710998,-12.7487667302,-14.2851424522,-12.7666072551,-12.9115685609,-12.9485770073,-13.3611023074,-12.8165606917,-12.7459675002,-13.0043247022,0.568854473583,0.000290160889983,0.568743044569,0.101634275387
14,9.5869897306,0.00793549418449,-13.449725253,-12.9475201116,identity,3,"(30,)",adam,"{'alpha': 3, 'activation': 'identity', 'solver': 'adam', 'hidden_layer_sizes': (30,)}",4,-13.7856529954,-12.9592880296,-12.8616180542,-13.0128087782,-13.5608881457,-12.9485815505,-14.2102216065,-12.8308355566,-14.0104299865,-12.8272667578,-13.1613037496,-13.0306389777,-13.3361290776,-12.9200334726,-12.6709953355,-13.0507077699,1.62549300187,0.00607359254724,0.508192730689,0.0796793017583
15,17.983143121,0.0161585211754,-13.6401735336,-12.7307663332,identity,3,"(100,)",lbfgs,"{'alpha': 3, 'activation': 'identity', 'solver': 'lbfgs', 'hidden_layer_sizes': (100,)}",42,-14.0603735553,-12.6488681999,-12.8116727509,-12.8344060901,-13.9105301295,-12.748771769,-14.2351977271,-12.6131839287,-14.4349876125,-12.6238893339,-13.4110539705,-12.8415406315,-13.4360277784,-12.748772595,-12.8209523937,-12.786698117,2.669505881,0.00994288567028,0.579537491225,0.0856917069156
16,63.0474516749,0.00797745585442,-13.4528471166,-12.8913227536,identity,3,"(100,)",sgd,"{'alpha': 3, 'activation': 'identity', 'solver': 'sgd', 'hidden_layer_sizes': (100,)}",5,-13.6108340271,-12.8415400533,-12.8616186323,-13.0021019686,-13.6857577636,-12.9664212493,-14.1852454859,-12.745199253,-14.2851424522,-12.7808802202,-12.8865964874,-12.9485765117,-13.3361296558,-12.8415372448,-12.770959379,-13.0043255282,3.42851921521,0.00482669618268,0.554188680135,0.0951748280552
17,11.7356278598,0.00858131051064,-13.424746152,-12.9925646024,identity,3,"(100,)",adam,"{'alpha': 3, 'activation': 'identity', 'solver': 'adam', 'hidden_layer_sizes': (100,)}",2,-13.7107309934,-13.0092435313,-13.036435288,-13.0663243228,-13.8355988769,-12.99495958,-13.985446928,-12.8058521475,-14.2851401395,-12.9343083376,-12.8616163197,-13.084164352,-12.9615184894,-12.941444944,-12.7209733072,-13.1042196036,1.15919700364,0.00500369480354,0.557101131397,0.0918220596099
18,2.21947589517,0.00509321689606,-13.6589053658,-12.7494977766,identity,10,"(10,)",lbfgs,"{'alpha': 10, 'activation': 'identity', 'solver': 'lbfgs', 'hidden_layer_sizes': (10,)}",46,-14.1602693653,-12.7023890311,-12.8116733291,-12.7880196351,-13.7856576207,-12.8094287936,-14.2351983052,-12.6881134227,-14.4349870343,-12.6096166993,-13.5109497804,-12.81299561,-13.5608973963,-12.7594763483,-12.7709680577,-12.8259426724,0.11388897946,0.00349939394963,0.585155641814,0.0712434363678
19,17.6366329789,0.00686821341515,-13.5371333145,-13.1254683005,identity,10,"(10,)",sgd,"{'alpha': 10, 'activation': 'identity', 'solver': 'sgd', 'hidden_layer_sizes': (10,)}",23,-13.5858480778,-13.1234092444,-12.7617112591,-13.2340203665,-13.7856466357,-13.116272638,-14.4349783619,-13.0020941214,-14.16026474,-13.0663196144,-13.3860662866,-13.0556124745,-13.1363293634,-13.212610795,-13.0458665734,-13.1934071496,0.693874614014,0.00403394895898,0.534400355475,0.0772022053477
20,5.28891900182,0.00518324971199,-13.4934282358,-13.1174431542,identity,10,"(10,)",adam,"{'alpha': 10, 'activation': 'identity', 'solver': 'adam', 'hidden_layer_sizes': (10,)}",10,-13.6857479349,-13.098434013,-12.7617153063,-13.2268871468,-13.7357030669,-13.1127095388,-14.4849306031,-13.0199397676,-14.3350865991,-13.0092329581,-13.1613020151,-13.0627516416,-12.9115650919,-13.1733668112,-12.8709251581,-13.2362233563,0.296207489192,0.00445241104522,0.628384979837,0.0820102527062
21,6.23431277275,0.0102610886097,-13.6432954695,-12.7691220034,identity,10,"(30,)",lbfgs,"{'alpha': 10, 'activation': 'identity', 'solver': 'lbfgs', 'hidden_layer_sizes': (30,)}",44,-14.1103205931,-12.7095257202,-12.8366477152,-12.8201330425,-13.8106331632,-12.8344053467,-14.3101208854,-12.6631365392,-14.4599614205,-12.6524340251,-13.4360272002,-12.8451086869,-13.4110545486,-12.7594768439,-12.7709674791,-12.8687558231,0.463523328277,0.0074076235048,0.598535222088,0.0798895050261
22,26.6694456041,0.00638750195503,-13.5433769695,-13.1276982763,identity,10,"(30,)",sgd,"{'alpha': 10, 'activation': 'identity', 'solver': 'sgd', 'hidden_layer_sizes': (30,)}",25,-13.6108218858,-13.1341128325,-12.6618142928,-13.2839733901,-13.7856466357,-13.119840776,-14.4349783619,-12.9985261485,-14.1852385479,-13.069887009,-13.4859609403,-13.0698844483,-13.2112513655,-13.1697928084,-12.9708897801,-13.1755687979,0.715686950247,0.00378216022614,0.55774871628,0.0805902866507
23,5.35182774067,0.00521913170815,-13.4684443645,-13.1098539247,identity,10,"(30,)",adam,"{'alpha': 10, 'activation': 'identity', 'solver': 'adam', 'hidden_layer_sizes': (30,)}",7,-13.7856425885,-13.1448175769,-12.7866873797,-13.2126114558,-13.3860489418,-13.0734423435,-14.2102036835,-12.9628393992,-14.0603602576,-12.9806804197,-13.4609807725,-13.0984269091,-13.1113543992,-13.194769031,-12.9458990585,-13.2112442623,0.765555478447,0.00222031343647,0.483911413276,0.0928894423874
24,14.1840593517,0.0166462957859,-13.640173389,-12.7490518014,identity,10,"(100,)",lbfgs,"{'alpha': 10, 'activation': 'identity', 'solver': 'lbfgs', 'hidden_layer_sizes': (100,)}",41,-14.1103223275,-12.6560034847,-12.9365446815,-12.8415418706,-13.8356058148,-12.7880203785,-14.1852501112,-12.6702726501,-14.3350894899,-12.6310253622,-13.4110545486,-12.820131886,-13.5359241665,-12.7523405678,-12.7709674791,-12.8330782113,0.826648494219,0.00764807380197,0.542320576929,0.0798365354543
25,48.6296051145,0.01068136096,-13.5558655804,-13.120116072,identity,10,"(100,)",sgd,"{'alpha': 10, 'activation': 'identity', 'solver': 'sgd', 'hidden_layer_sizes': (100,)}",27,-13.6108224639,-13.1091370228,-12.661814871,-13.2697013336,-13.7856466357,-13.1127048304,-14.4849271341,-13.0127989484,-14.1852385479,-13.0520468971,-13.4609877105,-13.0627481723,-13.2362251734,-13.1555203389,-13.0208752733,-13.1862710325,1.83633099599,0.00402409422583,0.560336781456,0.0771545615452
26,7.03100138903,0.00761634111404,-13.4809392635,-13.2186864737,identity,10,"(100,)",adam,"{'alpha': 10, 'activation': 'identity', 'solver': 'adam', 'hidden_layer_sizes': (100,)}",8,-13.9354935305,-13.1305549372,-12.7617176189,-13.3731851008,-13.7357036451,-13.1983448511,-14.2601622844,-13.1020050421,-13.9105243478,-13.0984347564,-13.3361128891,-13.1840619737,-13.0614079396,-13.2839701685,-12.8459327008,-13.3789349601,2.25841049342,0.00281423459451,0.522093883137,0.106809527476
27,6.63209700584,0.0128121078014,-15.6320767601,-7.0763320824,logistic,1,"(10,)",lbfgs,"{'alpha': 1, 'activation': 'logistic', 'solver': 'lbfgs', 'hidden_layer_sizes': (10,)}",73,-15.5338889313,-7.2075493327,-15.4090129536,-7.21468684777,-15.1093289927,-7.050556464,-15.9334733275,-6.83290260573,-16.0833196442,-7.16473498063,-15.7586566719,-6.98633064054,-15.6837358262,-7.0790981814,-15.5451348683,-7.0747976064,0.473412743886,0.00934998170337,0.285794329462,0.118431223906
28,16.8606992364,0.007458537817,-13.4341090686,-13.1326091315,logistic,1,"(10,)",sgd,"{'alpha': 1, 'activation': 'logistic', 'solver': 'sgd', 'hidden_layer_sizes': (10,)}",3,-13.6108294019,-13.1448231113,-12.6618160273,-13.28754508,-13.6607810649,-13.0913009585,-14.484930025,-12.9735539734,-14.1103182804,-12.9913936723,-12.9365354309,-13.1483856323,-12.861614007,-13.2625679487,-13.1458398741,-13.1613026758,0.58964765313,0.00452110975021,0.601992690002,0.105512176713
29,4.43524590135,0.0064309835434,-13.515289882,-12.9372623398,logistic,1,"(10,)",adam,"{'alpha': 1, 'activation': 'logistic', 'solver': 'adam', 'hidden_layer_sizes': (10,)}",17,-13.8605790446,-12.8593847909,-12.8616180542,-13.069893865,-13.8855557433,-12.9129033092,-14.434992816,-12.7951560764,-14.010431721,-12.8558151661,-13.0364341316,-12.9878228909,-13.1113630716,-12.9164669041,-12.9209147013,-13.1006557161,0.348882115781,0.00282724807764,0.561286591634,0.100476019283
30,15.1345660388,0.0105454921722,-15.8443749058,-0.0236384973569,logistic,1,"(30,)",lbfgs,"{'alpha': 1, 'activation': 'logistic', 'solver': 'lbfgs', 'hidden_layer_sizes': (30,)}",80,-15.8585536381,-0.0285449389198,-15.2092190211,-0.0356809671422,-15.6837242629,-0.0214084976823,-16.1832264392,-0.0178403596665,-16.2081800115,-0.0321129943325,-16.1582387554,-0.024976635698,-15.4589727109,-0.0178404422696,-15.994993314,-0.0107031431445,0.698972622885,0.00517675783195,0.343949049415,0.00776397201156
31,42.6774148345,0.00775527954102,-13.5964597093,-13.0541137392,logistic,1,"(30,)",sgd,"{'alpha': 1, 'activation': 'logistic', 'solver': 'sgd', 'hidden_layer_sizes': (30,)}",33,-13.8106239126,-12.9521503493,-13.0114643708,-13.1947789434,-13.8855493836,-13.0449184684,-14.4100138046,-12.9485798158,-14.285141874,-12.9236032627,-13.3610947913,-13.0841626174,-13.2612059193,-13.0841669127,-12.7459686574,-13.2005495438,2.18122948253,0.00642736689323,0.558865108481,0.101049339565
32,5.11796981096,0.00873929262161,-13.6027014128,-12.9707080924,logistic,1,"(30,)",adam,"{'alpha': 1, 'activation': 'logistic', 'solver': 'adam', 'hidden_layer_sizes': (30,)}",34,-14.0353887623,-12.9271690052,-12.7367455454,-13.0948690139,-13.9604789017,-13.0199481931,-14.3850347932,-12.8344012992,-14.2351907891,-12.9236026019,-13.2611995595,-12.9735496781,-13.2112583034,-12.8629445034,-12.995875873,-13.1291804442,0.753036050663,0.0040331591614,0.582586751142,0.0982784279415
33,35.2742929459,0.0236151218414,-15.6289534509,-9.99200722163e-16,logistic,1,"(100,)",lbfgs,"{'alpha': 1, 'activation': 'logistic', 'solver': 'lbfgs', 'hidden_layer_sizes': (100,)}",72,-15.6837323572,-9.99200722163e-16,-15.28415143,-9.99200722163e-16,-15.8835297587,-9.99200722163e-16,-16.2831060606,-9.99200722163e-16,-15.4339850271,-9.99200722163e-16,-15.0593802205,-9.99200722163e-16,-15.5838411725,-9.99200722163e-16,-15.8200397485,-9.99200722163e-16,1.32291017675,0.00960949680045,0.356310035909,0.0
34,73.2412781417,0.0111826658249,-13.5059164853,-13.0478662841,logistic,1,"(100,)",sgd,"{'alpha': 1, 'activation': 'logistic', 'solver': 'sgd', 'hidden_layer_sizes': (100,)}",13,-13.7107246337,-12.9842575614,-12.8116675475,-13.1840711426,-13.6108311363,-13.1091413181,-14.4849259778,-12.9093247632,-14.2601605499,-12.952142089,-13.2112490528,-13.0377717018,-13.0614079396,-13.0734553948,-12.8959239798,-13.1327663019,0.818838607598,0.00392739239055,0.582962587671,0.0885113365735
35,6.45370382071,0.0162296295166,-13.5277867324,-13.0353930016,logistic,1,"(100,)",adam,"{'alpha': 1, 'activation': 'logistic', 'solver': 'adam', 'hidden_layer_sizes': (100,)}",21,-13.885543602,-12.9913931766,-12.7617262913,-13.1234211393,-13.860587717,-12.9343191586,-14.6597692289,-12.8486899588,-14.3600910496,-12.9200619707,-12.8866190357,-13.1948039721,-12.9865084859,-13.0306681365,-12.8209373506,-13.2397865005,1.28524365261,0.00605499050301,0.707409419815,0.130034138062
36,6.74511420727,0.011242210865,-15.4478705444,-7.24893492345,logistic,3,"(10,)",lbfgs,"{'alpha': 3, 'activation': 'logistic', 'solver': 'lbfgs', 'hidden_layer_sizes': (10,)}",70,-15.1842434786,-7.2860472952,-15.4090048594,-7.37524744148,-14.9594688002,-7.23608972845,-16.1082969211,-7.08623239235,-15.7087096341,-7.30745463644,-15.5338756336,-7.16473275035,-15.3340944206,-7.42876852048,-15.345196367,-7.10690662286,0.60508318763,0.00667914922679,0.3249420443,0.115648182302
37,23.4104777575,0.00802448391914,-13.5121541413,-13.2030713985,logistic,3,"(10,)",sgd,"{'alpha': 3, 'activation': 'logistic', 'solver': 'sgd', 'hidden_layer_sizes': (10,)}",15,-13.7606693587,-13.1983377473,-12.7866804418,-13.3553325985,-13.7107228992,-13.1876318464,-14.2851303108,-13.0698857699,-13.9604679166,-13.0591825123,-13.2611897308,-13.1876287075,-13.0863765441,-13.3339228617,-13.2458033389,-13.2326491445,0.911052746773,0.00426920996101,0.466542788583,0.1000762888
38,3.37935993075,0.00877138972282,-13.5589841915,-13.1829994196,logistic,3,"(10,)",adam,"{'alpha': 3, 'activation': 'logistic', 'solver': 'adam', 'hidden_layer_sizes': (10,)}",28,-13.6857456222,-13.1912024625,-12.8616001312,-13.2554236602,-13.7356938163,-13.1983346084,-14.3850278552,-13.0663182928,-14.0104178452,-13.08772646,-13.1862683069,-13.1519479881,-13.3361175144,-13.2304447116,-13.2707940605,-13.2825971734,0.513203286633,0.00644282893185,0.459825079058,0.0719149762088
39,17.3501642644,0.0138661265373,-15.7194939284,-0.762668254303,logistic,3,"(30,)",lbfgs,"{'alpha': 3, 'activation': 'logistic', 'solver': 'lbfgs', 'hidden_layer_sizes': (30,)}",76,-15.758660719,-0.892022196081,-15.0843551848,-0.488828052104,-16.2831135767,-0.560190647212,-16.5328522344,-0.824228895431,-15.5838319219,-0.777843927257,-15.2841410231,-0.970521893252,-14.9594907703,-0.717186654829,-16.2699039799,-0.870523768258,0.61241067222,0.00579032043862,0.55595086258,0.15558061277
40,54.648275286,0.0108067393303,-13.5277662781,-13.1968284413,logistic,3,"(30,)",sgd,"{'alpha': 3, 'activation': 'logistic', 'solver': 'sgd', 'hidden_layer_sizes': (30,)}",19,-13.6108236202,-13.2233174393,-12.7117630651,-13.2839733901,-13.7856460575,-13.226882934,-14.4599533262,-13.0948636447,-13.9604684948,-13.073454734,-13.3610884315,-13.1091336361,-13.0863794349,-13.2946744174,-13.2458039175,-13.2683273345,1.08524847157,0.00603913173573,0.512067424948,0.084552778399
41,4.18359696865,0.0120582282543,-13.4996627838,-13.1981612384,logistic,3,"(30,)",adam,"{'alpha': 3, 'activation': 'logistic', 'solver': 'adam', 'hidden_layer_sizes': (30,)}",12,-13.5109278103,-13.1412504301,-12.7866839108,-13.3410617811,-13.8605703722,-13.1234096574,-14.4349754711,-13.0770206417,-14.1352816815,-13.134107298,-13.2112374896,-13.1804905316,-13.1612962335,-13.2661248527,-12.8958927365,-13.3218247143,1.44250237344,0.00657699731397,0.556745133621,0.0923641688458
42,36.0046665967,0.0211948752403,-15.8506181993,-0.00579812102177,logistic,3,"(100,)",lbfgs,"{'alpha': 3, 'activation': 'logistic', 'solver': 'lbfgs', 'hidden_layer_sizes': (100,)}",81,-15.5838417507,-9.99200722163e-16,-15.6587625964,-0.0142723868569,-15.88351993,-9.99200722163e-16,-16.2081857931,-0.00356813801574,-15.9334646551,-0.0107041662381,-15.309114831,-0.0071361108254,-15.8086100694,-0.0107041662381,-16.4198575666,-9.99200722163e-16,2.55753353024,0.00661451261316,0.328376041779,0.0053334956155
43,75.0603612661,0.0106750428677,-13.5246393551,-13.1838904343,logistic,3,"(100,)",sgd,"{'alpha': 3, 'activation': 'logistic', 'solver': 'sgd', 'hidden_layer_sizes': (100,)}",18,-13.5858457652,-13.1840620563,-12.7367316696,-13.2804019479,-13.7107200084,-13.2161750506,-14.4349708458,-13.1019944689,-13.8605669032,-13.1198342504,-13.4609755691,-13.1376703973,-13.1612956553,-13.2197375716,-13.2458068104,-13.2112477313,3.59848093826,0.00236718712017,0.476267860901,0.0562768522477
44,4.2018507421,0.0132305026054,-13.4590926508,-13.2164636103,logistic,3,"(100,)",adam,"{'alpha': 3, 'activation': 'logistic', 'solver': 'adam', 'hidden_layer_sizes': (100,)}",6,-13.5109202942,-13.1555164566,-12.8616064909,-13.3624701961,-13.8855499617,-13.1876450629,-14.3850452001,-13.0699019601,-14.210234326,-13.0342265274,-12.836654075,-13.3660584067,-13.2362326895,-13.173371437,-12.7459825433,-13.3825188354,1.08345535918,0.00520618356993,0.602978146213,0.128629086579
45,6.92110368609,0.00992956757545,-14.9483384678,-8.04950737913,logistic,10,"(10,)",lbfgs,"{'alpha': 10, 'activation': 'logistic', 'solver': 'lbfgs', 'hidden_layer_sizes': (10,)}",62,-15.3840316296,-7.85693409616,-14.5848651499,-8.0710195686,-14.8346020731,-8.15308575173,-15.483932643,-7.82482052361,-14.6847574909,-8.07458845004,-15.0094193069,-8.1102671043,-14.2601998649,-8.29224280393,-15.3451865312,-8.01310073466,0.671153214091,0.00678690790501,0.407119970925,0.14288397411
46,14.5127649009,0.0076405107975,-13.7868381706,-13.6334107937,logistic,10,"(10,)",sgd,"{'alpha': 10, 'activation': 'logistic', 'solver': 'sgd', 'hidden_layer_sizes': (10,)}",57,-13.6107733202,-13.5872048212,-13.4359578209,-13.6978139608,-13.4859008115,-13.6657018751,-14.3100538187,-13.4837355922,-14.2101458673,-13.5657952497,-14.2351237224,-13.6300166126,-13.5608251261,-13.6835389306,-13.4456781964,-13.7534793075,0.801211367199,0.00714948141887,0.365045771627,0.0800318687159
47,2.55934128165,0.00959688425064,-13.6682080036,-13.5776679253,logistic,10,"(10,)",adam,"{'alpha': 10, 'activation': 'logistic', 'solver': 'adam', 'hidden_layer_sizes': (10,)}",49,-13.6857051509,-13.5194207721,-13.3610369752,-13.6942498703,-13.5358559435,-13.6014809252,-14.1602121273,-13.4409212401,-13.9604170384,-13.498012357,-13.9354426523,-13.5550948006,-13.3360677925,-13.6942488791,-13.3707112389,-13.6179145581,0.403501523483,0.00662775407714,0.297881562945,0.0853787600795
48,15.1765022874,0.011105209589,-15.0139004225,-4.57155543791,logistic,10,"(30,)",lbfgs,"{'alpha': 10, 'activation': 'logistic', 'solver': 'lbfgs', 'hidden_layer_sizes': (30,)}",65,-15.034397162,-4.90969050557,-14.6348029371,-4.37804686236,-15.259159699,-4.24602831647,-15.8085967717,-4.43513591417,-14.559880935,-4.76340089448,-14.9594728473,-4.84189720492,-14.7596898998,-4.35663795166,-15.0952619582,-4.64160585365,0.625712452806,0.00794329223156,0.373541207605,0.233812163629
49,24.9061965942,0.0134565830231,-13.6713304454,-13.5906024636,logistic,10,"(30,)",sgd,"{'alpha': 10, 'activation': 'logistic', 'solver': 'sgd', 'hidden_layer_sizes': (30,)}",50,-13.7106760681,-13.5586661601,-13.3110928282,-13.6014866248,-13.51088387,-13.640733004,-14.085296485,-13.4409272701,-13.9354386051,-13.5372575798,-13.9354420741,-13.6050470807,-13.4609368323,-13.6585676641,-13.420695575,-13.6821343255,1.1401868157,0.00902322220701,0.268101692238,0.0725480882619
50,3.46210345626,0.0100074112415,-13.7056718125,-13.6298471242,logistic,10,"(30,)",adam,"{'alpha': 10, 'activation': 'logistic', 'solver': 'adam', 'hidden_layer_sizes': (30,)}",52,-13.4359676496,-13.5800807704,-13.3360672143,-13.5907797326,-13.4859146873,-13.6086249659,-14.0353471347,-13.4980150003,-14.0103606072,-13.5729387948,-14.1602121273,-13.5907787414,-13.3360677925,-13.6799788051,-13.8455384201,-13.917580183,1.21913277363,0.00470798987067,0.320546216493,0.118269520066
51,34.9402927756,0.0202665030956,-14.9514598977,-6.43852596728,logistic,10,"(100,)",lbfgs,"{'alpha': 10, 'activation': 'logistic', 'solver': 'lbfgs', 'hidden_layer_sizes': (100,)}",63,-15.4339786673,-6.93993609041,-14.8595724121,-6.51176101538,-14.6348029371,-6.42970020145,-15.1342993317,-6.66876115315,-15.1342993317,-6.39045109629,-15.1342918156,-5.36640911528,-14.3850689047,-6.02649961443,-14.8953251926,-7.17468945183,1.55318569068,0.00765764769651,0.309403485424,0.521213697512
52,48.6472002566,0.012302339077,-13.6120197347,-13.5165741412,logistic,10,"(100,)",sgd,"{'alpha': 10, 'activation': 'logistic', 'solver': 'sgd', 'hidden_layer_sizes': (100,)}",35,-13.6857080417,-13.5765123846,-13.1612499805,-13.5658073923,-13.4609483955,-13.4944516533,-14.0353477128,-13.4623348592,-13.9354449649,-13.5194225893,-13.8855089123,-13.3731366954,-13.1362860013,-13.6050584799,-13.5956520334,-13.535869076,2.13224076477,0.00345898396149,0.319514628919,0.0691303094267
53,5.11478748918,0.0117598772049,-13.6401280715,-13.5139068494,logistic,10,"(100,)",adam,"{'alpha': 10, 'activation': 'logistic', 'solver': 'adam', 'hidden_layer_sizes': (100,)}",40,-13.8105759252,-13.5515361619,-12.9614589388,-13.5658088792,-13.4359740094,-13.4694755958,-14.010399344,-13.3339128668,-14.1602549112,-13.3196462621,-14.0603192081,-13.4873063735,-13.460928738,-13.7584656162,-13.2208103031,-13.6251030401,0.511906115029,0.00319747347309,0.406732214487,0.136519275314
54,6.53770789504,0.0102457404137,-15.6695381116,-7.95094769942,relu,1,"(10,)",lbfgs,"{'alpha': 1, 'activation': 'relu', 'solver': 'lbfgs', 'hidden_layer_sizes': (10,)}",74,-16.133259744,-7.88905725067,-15.1093284146,-7.95328315673,-15.8086060222,-8.06745969089,-16.1332718854,-7.78201145813,-15.9334779528,-7.89262340621,-15.633780116,-8.02107414449,-15.234178375,-7.9532823307,-15.3701859315,-8.04879015752,0.660314960477,0.00730772264156,0.373059997241,0.0893367354253
55,31.6261864305,0.004812926054,-14.0273062329,-11.6835425297,relu,1,"(10,)",sgd,"{'alpha': 1, 'activation': 'relu', 'solver': 'sgd', 'hidden_layer_sizes': (10,)}",58,-14.2351971489,-11.5498937511,-13.710740244,-11.7389983751,-13.9355033592,-11.6676377625,-14.5348857351,-11.5891398826,-14.410019008,-11.6783438286,-13.9604823706,-11.7604055511,-13.9604736982,-11.7211599979,-13.4707458691,-11.7627610886,1.12013067464,0.00220650504755,0.330626860077,0.0739322094527
56,12.1453133821,0.00789475440979,-14.6142585857,-10.1421495027,relu,1,"(10,)",adam,"{'alpha': 1, 'activation': 'relu', 'solver': 'adam', 'hidden_layer_sizes': (10,)}",61,-14.9094992141,-10.0263234341,-15.2841161621,-9.85505041386,-14.310126667,-10.1012501197,-14.9095044176,-9.93712072714,-14.8096091858,-10.3224751723,-14.2352063995,-10.0584353546,-14.260175004,-10.3510179635,-14.1955288666,-10.4855228365,2.17006896379,0.00382041162845,0.386987760056,0.206339468264
57,13.700647831,0.01057690382,-15.8131585824,-0.462060361252,relu,1,"(30,)",lbfgs,"{'alpha': 1, 'activation': 'relu', 'solver': 'lbfgs', 'hidden_layer_sizes': (30,)}",78,-15.7336753478,-0.132019371918,-15.1592794994,-0.338968733534,-15.8835280242,-0.513805679038,-16.3580407822,-0.396058280961,-16.0583475707,-0.702914267972,-15.1592835466,-0.528077487674,-16.5828091009,-0.48526131834,-15.5701290614,-0.599377750578,0.842320037675,0.00695657807499,0.48411596466,0.163124059827
58,48.7348813117,0.00800201296806,-14.1178496015,-11.2870447042,relu,1,"(30,)",sgd,"{'alpha': 1, 'activation': 'relu', 'solver': 'sgd', 'hidden_layer_sizes': (30,)}",59,-14.0853462069,-11.3679226773,-13.7856732311,-11.275149189,-13.7107356187,-11.4464179139,-14.9844264196,-11.1110197138,-14.6347931083,-11.1359969278,-14.4349841435,-11.3215326703,-13.7606901726,-11.2144908427,-13.545734234,-11.4238276992,0.947867638594,0.00459955215654,0.480976759934,0.117816524798
59,26.9063642025,0.0087902545929,-15.0107770411,-6.20795362548,relu,1,"(30,)",adam,"{'alpha': 1, 'activation': 'relu', 'solver': 'adam', 'hidden_layer_sizes': (30,)}",64,-15.3840293169,-6.51534071782,-14.4849664491,-6.98275002946,-14.7097226264,-6.36903987271,-15.5838174679,-6.19063611084,-15.0094175724,-5.59476102715,-15.7087078996,-5.73392584404,-15.0843389963,-6.30124607644,-14.1205723236,-5.97592932538,5.73865963389,0.00747905715843,0.514709483355,0.415976445394
60,40.03446275,0.0211999118328,-15.744468476,-9.99200722163e-16,relu,1,"(100,)",lbfgs,"{'alpha': 1, 'activation': 'relu', 'solver': 'lbfgs', 'hidden_layer_sizes': (100,)}",77,-16.2081881058,-9.99200722163e-16,-15.0843546066,-9.99200722163e-16,-16.1082963429,-9.99200722163e-16,-16.1332637911,-9.99200722163e-16,-15.3590636033,-9.99200722163e-16,-16.0083930169,-9.99200722163e-16,-15.7086980709,-9.99200722163e-16,-15.3452015743,-9.99200722163e-16,4.54885435962,0.00935806414971,0.405155651336,0.0
61,78.4162599742,0.00981873273849,-14.295812379,-9.02758694103,relu,1,"(100,)",sgd,"{'alpha': 1, 'activation': 'relu', 'solver': 'sgd', 'hidden_layer_sizes': (100,)}",60,-14.6347896393,-9.03796390709,-13.7856726529,-8.99514534227,-14.1602838193,-9.09148473828,-15.1092937249,-8.91664597551,-14.1602838193,-8.96303226533,-14.1103396724,-9.17711559009,-14.8595539109,-8.98444010219,-13.5457394413,-9.0548676075,6.92351967793,0.00305050586223,0.4985256957,0.0763896038325
62,30.4413761497,0.0108552277088,-15.0513631473,-2.74115425164,relu,1,"(100,)",adam,"{'alpha': 1, 'activation': 'relu', 'solver': 'adam', 'hidden_layer_sizes': (100,)}",66,-15.6837155905,-2.36207473822,-14.2352202754,-2.27643901282,-15.0593715481,-2.5654553836,-15.4339711512,-4.19963715307,-14.659776745,-2.60470407574,-15.4589640385,-3.56809051899,-15.5088954659,-2.08732959786,-14.3704980538,-2.26550353287,5.98547318551,0.00342956693946,0.524960401146,0.695869646701
63,5.50438642502,0.0104114115238,-15.3354791898,-7.99778083115,relu,3,"(10,)",lbfgs,"{'alpha': 3, 'activation': 'relu', 'solver': 'lbfgs', 'hidden_layer_sizes': (10,)}",67,-15.6337778034,-7.92473681356,-14.684768476,-8.05318705622,-15.2341980325,-8.24943167338,-16.1332672601,-7.98182660879,-15.1093307272,-8.01750608908,-15.5588604266,-7.98896015892,-15.1592621546,-7.91760078533,-15.1702491659,-7.84899746387,0.462804991766,0.00874418032981,0.405990351403,0.112372250842
64,33.1697767675,0.00639599561691,-13.5496229373,-12.0706684848,relu,3,"(10,)",sgd,"{'alpha': 3, 'activation': 'relu', 'solver': 'sgd', 'hidden_layer_sizes': (10,)}",26,-13.6358014753,-11.9709198293,-13.2612007158,-12.0458472583,-13.5858602192,-12.1314815794,-13.9604731201,-12.03157578,-13.9354969995,-12.0422796985,-13.6358043661,-12.2206777607,-13.5858579065,-12.1100718427,-12.7959437361,-12.0124941298,1.22473971894,0.00365788892829,0.351083122846,0.0741939568403
65,8.40648412704,0.00808385014534,-13.7837809223,-11.5113759373,relu,3,"(10,)",adam,"{'alpha': 3, 'activation': 'relu', 'solver': 'adam', 'hidden_layer_sizes': (10,)}",56,-14.0853410035,-11.5284812059,-13.2612093883,-11.507071304,-13.8106302724,-11.4642492698,-14.534885157,-11.4606851793,-14.0603654611,-11.4963566471,-13.935488327,-11.4820774868,-13.5858625318,-11.4285734241,-12.9958955447,-11.7235129817,1.33314736562,0.00597744672456,0.459354284508,0.0851791904492
66,13.6971989572,0.0135278701782,-15.8412539817,-0.652950891183,relu,3,"(30,)",lbfgs,"{'alpha': 3, 'activation': 'relu', 'solver': 'lbfgs', 'hidden_layer_sizes': (30,)}",79,-16.3330478949,-0.720755371066,-15.8335815647,-0.738594904702,-15.883516461,-0.720754545035,-16.8575192539,-0.435307468722,-15.1093347743,-0.763571705606,-15.7836379959,-0.595871449148,-15.9834209434,-0.470987609834,-14.9453251503,-0.777764075347,0.946046364283,0.00862610175046,0.574247836896,0.126531781258
67,44.03062886,0.00570714473724,-13.7119677236,-11.8842332291,relu,3,"(30,)",sgd,"{'alpha': 3, 'activation': 'relu', 'solver': 'sgd', 'hidden_layer_sizes': (30,)}",54,-14.0104149543,-11.8246250968,-13.4360179497,-11.8246236925,-13.3610849626,-11.9602105416,-14.4349777838,-11.742557592,-14.3850295897,-11.8817113401,-13.5608765825,-11.8745722555,-13.2861698985,-11.9816175525,-13.2208149317,-11.9839477619,0.582964840654,0.00327932071501,0.462254938618,0.0809917845285
68,9.02407601476,0.00856611132622,-13.7681695082,-11.1215658631,relu,3,"(30,)",adam,"{'alpha': 3, 'activation': 'relu', 'solver': 'adam', 'hidden_layer_sizes': (30,)}",55,-13.8106198655,-11.0860322571,-13.4360196841,-10.9754211351,-13.7856535736,-11.0182378001,-14.6347717163,-11.0110999546,-14.4100109137,-10.8897900355,-13.7107321498,-11.4035891063,-13.5359085562,-11.1895014862,-12.820954708,-11.3988551302,0.670029244081,0.00629831741541,0.527897224882,0.180368392024
69,30.3075875938,0.0175096690655,-15.7070037997,-9.99200722163e-16,relu,3,"(100,)",lbfgs,"{'alpha': 3, 'activation': 'relu', 'solver': 'lbfgs', 'hidden_layer_sizes': (100,)}",75,-16.4079785694,-9.99200722163e-16,-14.8346095892,-9.99200722163e-16,-16.233166539,-9.99200722163e-16,-15.6587521895,-9.99200722163e-16,-14.9844541714,-9.99200722163e-16,-16.1332701509,-9.99200722163e-16,-16.2581310964,-9.99200722163e-16,-15.1452619158,-9.99200722163e-16,1.64055887411,0.00834075104897,0.597360736236,0.0
70,71.1674650908,0.010926514864,-13.6276795742,-10.821409214,relu,3,"(100,)",sgd,"{'alpha': 3, 'activation': 'relu', 'solver': 'sgd', 'hidden_layer_sizes': (100,)}",37,-14.0353922313,-10.6685696913,-13.0114609019,-10.8719478585,-13.6358107259,-10.8862222279,-14.8345668052,-10.7684733429,-13.8605813572,-10.7399301387,-13.3361256087,-11.1003013399,-13.336123296,-10.7185206498,-12.9709007731,-10.817308463,1.10753105421,0.00473253132867,0.576426136815,0.126461228207
71,11.2129442394,0.0121579766273,-13.7057335369,-10.6898374963,relu,3,"(100,)",adam,"{'alpha': 3, 'activation': 'relu', 'solver': 'adam', 'hidden_layer_sizes': (100,)}",53,-13.7856501046,-10.7220872183,-13.2861820399,-10.8612447661,-13.735710583,-10.7934501438,-14.7096966091,-10.6400167398,-14.0353928094,-10.7327864284,-13.8356150654,-10.6257541827,-13.4360283566,-10.4152405655,-12.8209529723,-10.7281199259,2.69612072915,0.00664325837921,0.521056959417,0.125727128097
72,6.21622139215,0.00889563560486,-15.3729403968,-8.08564089933,relu,10,"(10,)",lbfgs,"{'alpha': 10, 'activation': 'relu', 'solver': 'lbfgs', 'hidden_layer_sizes': (10,)}",68,-15.8335676888,-7.82482994035,-15.1592662017,-8.22802218446,-14.9345117589,-8.04961627491,-15.8335757831,-8.07102741589,-15.0344075689,-8.13882154257,-15.8085985061,-8.17806783922,-15.1093047099,-8.13525257852,-15.2702166808,-8.05948941872,0.66169428612,0.0070235373782,0.36172921091,0.114194052398
73,20.8022920787,0.00676786899567,-13.5714678153,-13.0170803468,relu,10,"(10,)",sgd,"{'alpha': 10, 'activation': 'relu', 'solver': 'sgd', 'hidden_layer_sizes': (10,)}",31,-13.735689191,-12.9378629287,-12.7617025867,-13.055606527,-13.6857467786,-13.0127915967,-14.3600500001,-12.955703371,-14.0104097509,-12.9307246702,-13.8106100367,-12.9663986161,-13.1363201129,-13.1305359385,-13.0708520878,-13.1470191263,1.12710231156,0.00362539152229,0.500928988317,0.0800994622705
74,5.74729314446,0.00438496470451,-13.5308850339,-13.0523186477,relu,10,"(10,)",adam,"{'alpha': 10, 'activation': 'relu', 'solver': 'adam', 'hidden_layer_sizes': (10,)}",22,-13.7107182739,-12.9378640025,-12.8116554061,-13.1305404817,-13.6857479349,-13.1055645068,-14.3600523128,-12.920026947,-14.0853369564,-12.9699765839,-13.7856414322,-13.0092208154,-12.8865837678,-13.1947672964,-12.9209031298,-13.1505885476,0.431753144582,0.0019450709799,0.550068369935,0.0988312741877
75,14.0067477226,0.0109231173992,-15.5727570147,-1.32998894445,relu,10,"(30,)",lbfgs,"{'alpha': 10, 'activation': 'relu', 'solver': 'lbfgs', 'hidden_layer_sizes': (30,)}",71,-15.8335700014,-1.15249428876,-15.608809777,-1.19887975255,-15.6837306227,-1.35230712653,-16.2081881058,-1.37371504599,-15.0344052562,-1.34873981455,-15.8086083349,-1.37371587202,-15.433991965,-1.47005353337,-14.9703164505,-1.37000612185,0.57841531241,0.0072515481481,0.389374026857,0.0965577217841
76,29.7399693727,0.00668686628342,-13.6339047263,-13.1290241331,relu,10,"(30,)",sgd,"{'alpha': 10, 'activation': 'relu', 'solver': 'sgd', 'hidden_layer_sizes': (30,)}",38,-13.8106088804,-13.0984230268,-12.7367247316,-13.1911891634,-13.6357945374,-13.1519432798,-14.5098876444,-13.0556049576,-14.4099924126,-12.9985154102,-13.8106065677,-13.0520307069,-13.2611885745,-13.2233038924,-12.8959008366,-13.2611826276,0.641717031455,0.00406913766472,0.604201828696,0.0866253690084
77,7.38804164529,0.011279374361,-13.5652248832,-13.1067289223,relu,10,"(30,)",adam,"{'alpha': 10, 'activation': 'relu', 'solver': 'adam', 'hidden_layer_sizes': (30,)}",29,-13.7856373851,-13.094859845,-12.7617025867,-13.1911929631,-13.5608731135,-13.0199241556,-14.3850232299,-13.0627464376,-14.1352868849,-13.0163654344,-13.6607642982,-13.0448972394,-13.3361157799,-13.1733539251,-12.8959118296,-13.2504913781,2.53578582788,0.0089580654114,0.5244952839,0.0820364456549
78,29.9658376575,0.0206902325153,-15.4041652488,-9.99200722163e-16,relu,10,"(100,)",lbfgs,"{'alpha': 10, 'activation': 'relu', 'solver': 'lbfgs', 'hidden_layer_sizes': (100,)}",69,-16.0833115499,-9.99200722163e-16,-14.709746331,-9.99200722163e-16,-15.5588633174,-9.99200722163e-16,-15.4589617259,-9.99200722163e-16,-14.9844553277,-9.99200722163e-16,-16.083319066,-9.99200722163e-16,-15.5338814152,-9.99200722163e-16,-14.8203611281,-9.99200722163e-16,1.9636856457,0.00778371665389,0.495653928614,0.0
79,55.879803896,0.00806686282158,-13.6432755211,-13.0349220122,relu,10,"(100,)",sgd,"{'alpha': 10, 'activation': 'relu', 'solver': 'sgd', 'hidden_layer_sizes': (100,)}",43,-13.8106135057,-12.9628411339,-12.786677551,-13.1376736188,-13.7606682024,-13.0520421062,-14.484919618,-12.9271585973,-14.2601524557,-12.9521350677,-13.835585001,-12.9842396366,-13.2362176573,-13.1198326809,-12.9708839943,-13.1434532565,2.54901827771,0.00323809472376,0.561152302336,0.083718897898
80,6.5426594913,0.00713974237442,-13.5152792573,-13.1789893164,relu,10,"(100,)",adam,"{'alpha': 10, 'activation': 'relu', 'solver': 'adam', 'hidden_layer_sizes': (100,)}",16,-13.7357001761,-13.0627587455,-12.7117636432,-13.3517719773,-13.5858567502,-13.1697982602,-14.3101104785,-13.0734582859,-14.2601582373,-13.0199339028,-13.5359021964,-13.1483794371,-13.0863782786,-13.2340145843,-12.8959164582,-13.3717993386,0.198214542988,0.00188932347484,0.55382096663,0.122995803537
